{"cameraMode":{"drawMode":0,"name":"Shaded","section":"Shading Mode"},"sceneLighting":false,"audioPlay":false,"sceneViewState":{"m_AlwaysRefresh":false,"showFog":true,"showSkybox":false,"showFlares":true,"showImageEffects":true,"showParticleSystems":true,"showVisualEffectGraphs":true,"m_FxEnabled":true},"in2DMode":false,"pivot":{"x":-0.13807040452957154,"y":0.34150147438049319,"z":-0.10292220115661621},"rotation":{"x":-0.0707424208521843,"y":0.9245753288269043,"z":-0.21191416680812837,"w":-0.30865323543548586},"size":0.8660253882408142,"orthographic":false}