{"cameraMode":{"drawMode":0,"name":"Shaded","section":"Shading Mode"},"sceneLighting":false,"audioPlay":false,"sceneViewState":{"m_AlwaysRefresh":false,"showFog":true,"showSkybox":false,"showFlares":true,"showImageEffects":true,"showParticleSystems":true,"showVisualEffectGraphs":true,"m_FxEnabled":true},"in2DMode":false,"pivot":{"x":-0.042969465255737308,"y":0.2319229245185852,"z":-0.05005753040313721},"rotation":{"x":-0.05001799017190933,"y":0.9377101063728333,"z":-0.15210603177547456,"w":-0.30835455656051638},"size":1.1660254001617432,"orthographic":false}